,time,close,volume,friction_up,friction_down
0,2023-01-19 11:06:00,20834.0,0.322753,1111604.7187137997,1331948.59960491
1,2023-01-19 11:07:00,20853.95,0.791273,1458562.47457011,1038889.8651706302
2,2023-01-19 11:08:00,20860.14,0.0,1367783.1842293502,1002655.5043948198
3,2023-01-19 11:09:00,20892.38,0.214732,1481185.25118348,1003066.9272676203
4,2023-01-19 11:10:00,20890.18,0.144785,1374380.3811204901,1090773.7301776502
5,2023-01-19 11:11:00,20898.56,0.399816,1269595.2941006203,1169453.3340993796
6,2023-01-19 11:12:00,20905.98,0.772961,1313175.7819865202,1095389.26298718
7,2023-01-19 11:13:00,20914.34,0.503778,1419449.3348444803,1233099.4989414997
8,2023-01-19 11:14:00,20915.79,0.19798,1436130.80196219,1274815.35813742
9,2023-01-19 11:15:00,20918.96,0.350339,1657931.2252024002,1248109.6309171696
10,2023-01-19 11:16:00,20903.64,1.031664,1378446.85804138,1324212.60391285
11,2023-01-19 11:17:00,20903.03,0.610459,1366447.57583151,1306069.56980461
12,2023-01-19 11:18:00,20902.68,0.022242,1400456.24277896,1323864.9591147597
13,2023-01-19 11:19:00,20903.52,0.020082,1381380.66378967,1308946.32062742
14,2023-01-19 11:20:00,20904.24,0.001,1402617.0659382497,1303990.8310914598
15,2023-01-19 11:21:00,20880.71,0.456738,1271519.0406441,1339529.3014490595
16,2023-01-19 11:22:00,20889.1,0.389185,1495162.71901776,1337662.3650379095
17,2023-01-19 11:23:00,20895.53,0.066063,1589424.38067969,1420124.2244581499
18,2023-01-19 11:24:00,20893.07,0.001318,1578343.0721215596,1332312.6453649297
19,2023-01-19 11:25:00,20901.52,0.544306,1579425.0181940002,1290638.65595109
20,2023-01-19 11:26:00,20901.0,0.002955,1577752.1930754401,1339139.80700732
21,2023-01-19 11:27:00,20901.27,0.519481,1564668.98533381,1355861.9921683697
22,2023-01-19 11:28:00,20889.82,0.166218,1484308.66224142,1405555.8352623794
23,2023-01-19 11:29:00,20894.68,0.16495,1587829.52859145,1373170.6860683893
24,2023-01-19 11:30:00,20884.03,0.418578,1451547.69329844,1354447.9335599495
25,2023-01-19 11:31:00,20876.81,0.067893,1277309.11403621,1341969.5549265493
26,2023-01-19 11:32:00,20885.02,0.16512,1457083.1833883899,1262007.2232228299
27,2023-01-19 11:33:00,20872.41,0.019953,1188240.1859547202,1300449.8047443198
28,2023-01-19 11:34:00,20861.06,0.015816,1154255.32302621,1329932.6137203597
29,2023-01-19 11:35:00,20857.1,0.068933,1223213.8683520802,1355647.20415737
30,2023-01-19 11:36:00,20871.73,0.259177,1276307.45280187,1291741.4662467302
31,2023-01-19 11:37:00,20860.21,0.267123,1115044.76784632,1366211.48584796
32,2023-01-19 11:38:00,20854.12,0.001319,1215199.9298368404,1399178.01462084
33,2023-01-19 11:39:00,20867.39,0.205219,1298660.5503543303,1339454.8608808399
34,2023-01-19 11:40:00,20880.49,0.017929,1297620.03245495,1305945.8777302396
35,2023-01-19 11:41:00,20862.98,0.18187,1367655.2895162702,1306569.8004301498
36,2023-01-19 11:42:00,20878.23,0.007355,1297535.7602780103,1325073.4854226697
37,2023-01-19 11:43:00,20843.35,1.456241,1299604.7675621798,1537117.3144712897
38,2023-01-19 11:44:00,20851.72,0.171259,1459642.8824224602,1202598.1665721098
39,2023-01-19 11:45:00,20848.51,0.119979,1489843.7723521804,1333014.0205707198
40,2023-01-19 11:46:00,20845.15,0.631041,1324832.39374899,1459045.50043156
41,2023-01-19 11:47:00,20850.48,0.021318,1463538.24352699,1259000.3146542204
42,2023-01-19 11:48:00,20862.05,0.0041,1488993.9763266798,1010539.2707303701
43,2023-01-19 11:49:00,20881.74,0.06901,1323977.7133882898,1211897.7408656399
44,2023-01-19 11:50:00,20877.66,0.771137,1311887.84765845,1284818.5385231099
45,2023-01-19 11:51:00,20872.78,0.786501,1319117.5458469202,1276764.05325528
46,2023-01-19 11:52:00,20876.91,0.330278,1328628.72118794,1264968.2143718
47,2023-01-19 11:53:00,20870.5,0.039928,1292506.43481689,1246858.4153792097
48,2023-01-19 11:54:00,20863.22,0.20297,1245752.0648267001,1298008.1680394798
49,2023-01-19 11:55:00,20872.54,0.464822,1341733.00814686,1237394.1905717696
50,2023-01-19 11:56:00,20875.04,0.215938,1334632.3752718898,1231374.5714401098
51,2023-01-19 11:57:00,20871.51,0.1651,1345521.49888188,1286976.76539939
52,2023-01-19 11:58:00,20868.67,0.001317,1274927.8980486603,1283733.1555659499
53,2023-01-19 11:59:00,20875.8,0.0,1337694.1520159198,1296904.9112857596
54,2023-01-19 12:00:00,20886.14,0.454862,1324452.3079206499,981206.3715891399
55,2023-01-19 12:01:00,20886.37,0.383922,1330131.38453775,1031628.4408076102
56,2023-01-19 12:02:00,20896.95,0.06,1585427.61899425,1087476.84073339
57,2023-01-19 12:03:00,20895.93,0.6197,1597871.3744709902,1074020.0266900302
58,2023-01-19 12:04:00,20893.06,0.001317,1390995.21435801,1083751.81442695
59,2023-01-19 12:05:00,20905.7,0.0525,1591201.0429713097,1074675.94412104
60,2023-01-19 12:06:00,20915.92,0.218987,1704008.9405954198,1081087.21143404
61,2023-01-19 12:07:00,20907.12,0.581298,1500738.56497634,1315267.18077907
62,2023-01-19 12:08:00,20893.97,0.427921,1372925.97984857,1306919.9114080898
63,2023-01-19 12:09:00,20894.25,0.409988,1509747.08391433,1333412.2014964798
64,2023-01-19 12:10:00,20906.03,0.691722,1636575.2228807898,1297375.19870493
65,2023-01-19 12:11:00,20905.69,0.06019,1604275.62762556,1334824.86705133
66,2023-01-19 12:12:00,20913.23,0.15561,1675948.50338827,1235753.05840293
67,2023-01-19 12:13:00,20916.84,0.083501,1687647.27064266,1270530.49641666
68,2023-01-19 12:14:00,20911.24,0.396692,1687849.8305679897,1306301.8587106
69,2023-01-19 12:15:00,20918.33,0.353084,1677144.62418201,1284492.9005778201
70,2023-01-19 12:16:00,20930.19,0.386808,1811532.3814451506,1045209.9264365899
71,2023-01-19 12:17:00,20939.42,0.252902,1734035.3169846705,1042069.6879168402
72,2023-01-19 12:18:00,20927.03,0.11554,1513955.8659475807,1123161.26264141
73,2023-01-19 12:19:00,20934.89,0.286328,1554024.2576532308,1088676.2254281803
74,2023-01-19 12:20:00,20917.03,0.197254,1393426.8267782303,1274162.62093362
75,2023-01-19 12:21:00,20913.31,0.562358,1309423.0697022302,1335541.4465360602
76,2023-01-19 12:22:00,20911.26,0.041315,1582052.3994787198,1312531.9161355598
77,2023-01-19 12:23:00,20902.67,0.071663,1553828.72807689,1337936.0792518298
78,2023-01-19 12:24:00,20886.53,0.727028,1184317.3974956,1478943.6680440195
79,2023-01-19 12:25:00,20897.28,0.877173,1512781.3650402,1551817.5341882294
80,2023-01-19 12:26:00,20893.67,0.061981,1364865.1655527097,1564882.0839930398
81,2023-01-19 12:27:00,20893.67,0.0,1382519.89821304,1582722.4611881298
82,2023-01-19 12:28:00,20907.37,0.050319,1582971.1073204097,1324308.64546644
83,2023-01-19 12:29:00,20893.95,0.041367,1361165.23738849,1583020.38617918
84,2023-01-19 12:30:00,20899.27,0.0601,1545148.5120029,1560344.5851880999
85,2023-01-19 12:31:00,20880.64,0.924181,1172987.26961457,1447944.3547198498
86,2023-01-19 12:32:00,20890.39,0.189742,1265929.85702426,1292613.6689235198
87,2023-01-19 12:33:00,20886.3,0.039801,1308796.57280456,1320288.5162228397
88,2023-01-19 12:34:00,20886.3,0.0,1283172.9630313101,1323422.9991688097
89,2023-01-19 12:35:00,20888.65,0.045944,1302671.07511151,1289475.1422376996
90,2023-01-19 12:36:00,20893.97,0.70452,1448197.69829801,1295597.0068139997
91,2023-01-19 12:37:00,20901.92,0.00288,1658995.89462237,1199168.9171790297
92,2023-01-19 12:38:00,20887.83,0.020188,1253491.4020720997,1295743.3442188096
93,2023-01-19 12:39:00,20881.54,0.0199,1207889.2335357799,1512681.6829174093
94,2023-01-19 12:40:00,20877.71,0.187799,1269842.01803799,1388037.2475784894
95,2023-01-19 12:41:00,20877.54,0.524667,1299545.6786879099,1375376.5438879095
96,2023-01-19 12:42:00,20880.28,0.270918,1247295.3820037202,1306821.3224559797
97,2023-01-19 12:43:00,20871.15,0.205855,1266027.7864152798,1381775.0763914895
98,2023-01-19 12:44:00,20868.34,0.195353,1281889.3599488,1374488.9861286895
99,2023-01-19 12:45:00,20882.29,0.23734,1314870.0305921598,1258981.9524429399
100,2023-01-19 12:46:00,20882.29,0.0,1333631.3956589599,1291501.1579591099
101,2023-01-19 12:47:00,20868.9,0.554492,1300813.95384065,1408360.6957852098
102,2023-01-19 12:48:00,20868.9,0.0,1312596.1949430201,1401971.4354073599
103,2023-01-19 12:49:00,20871.29,0.001829,1247831.75140811,1341540.64169704
104,2023-01-19 12:50:00,20872.07,0.23313,1344203.9773634898,1399644.04748092
105,2023-01-19 12:51:00,20862.1,0.060018,1303678.64587499,1405486.2991465302
106,2023-01-19 12:52:00,20816.99,5.452976,979033.7171622297,1274151.15204478
107,2023-01-19 12:53:00,20808.88,0.486415,926219.8381268299,981988.2836267198
108,2023-01-19 12:54:00,20820.69,0.388663,1208775.50909348,956389.7408780402
109,2023-01-19 12:55:00,20816.24,0.004804,959724.28854875,1244264.9075184201
110,2023-01-19 12:56:00,20830.47,0.28573,1403767.0284976198,1014876.8752285903
111,2023-01-19 12:57:00,20842.26,0.264131,1417859.6645098398,995198.8208497502
112,2023-01-19 12:58:00,20836.15,0.066061,1412345.28470789,1036162.9454184102
113,2023-01-19 12:59:00,20846.76,0.141626,1517473.54912289,1087640.1384503397
114,2023-01-19 13:00:00,20838.84,1.00618,1384706.8140132,1033444.0973947204
115,2023-01-19 13:01:00,20847.76,0.885392,1453239.2142761499,1102576.8381421901
116,2023-01-19 13:02:00,20846.07,0.105674,1481992.1965790498,1087080.0546507996
117,2023-01-19 13:03:00,20887.14,0.534616,1488247.00503764,1012095.48147525
118,2023-01-19 13:04:00,20866.91,0.747539,1395727.0172112798,1139931.82166478
119,2023-01-19 13:05:00,20869.46,0.739222,1407237.10152016,1086697.3923300798
120,2023-01-19 13:06:00,20859.97,0.28742,1344078.2609311298,1082676.54353725
121,2023-01-19 13:07:00,20861.97,0.327893,1465227.05496439,1046262.5468791301
122,2023-01-19 13:08:00,20864.5,0.594091,1518950.30157909,1175908.02736403
123,2023-01-19 13:09:00,20861.84,0.021254,1356198.4266791,1076468.9891808701
124,2023-01-19 13:10:00,20867.13,0.191301,1502092.2080760202,1086070.590072
125,2023-01-19 13:11:00,20853.94,0.224885,1172947.7211710997,1257858.09775958
126,2023-01-19 13:12:00,20863.57,0.431604,1486494.9191374702,1070488.80020827
127,2023-01-19 13:13:00,20863.57,0.0,1484124.6644055701,1155735.0480821903
128,2023-01-19 13:14:00,20863.57,0.0,1471413.11516334,1139742.13558737
129,2023-01-19 13:15:00,20858.81,1.029201,1259688.22338401,1071921.77388496
130,2023-01-19 13:16:00,20853.62,0.226082,1280561.33091232,1275145.71793455
131,2023-01-19 13:17:00,20862.23,0.31404,1507242.83115345,1087278.90685651
132,2023-01-19 13:18:00,20868.74,0.774132,1578130.7470010098,1146687.71730464
133,2023-01-19 13:19:00,20883.7,0.766878,1592852.6324220498,990346.3750972198
134,2023-01-19 13:20:00,20886.79,0.474172,1563501.50158399,983054.8185391898
135,2023-01-19 13:21:00,20900.71,1.307904,1628284.5691115302,986682.6387108698
136,2023-01-19 13:22:00,20907.24,0.158083,1628610.38150304,1013174.7045750599
137,2023-01-19 13:23:00,20894.41,0.0,1394138.4192628497,1212417.0957216797
138,2023-01-19 13:24:00,20898.07,0.002312,1353774.79716618,1016859.2182179098
139,2023-01-19 13:25:00,20884.46,0.253766,1243685.3411881598,1235716.74415664
140,2023-01-19 13:26:00,20874.94,0.436428,1200107.56991899,1291149.5777960396
141,2023-01-19 13:27:00,20876.04,0.300133,1345534.7698626898,1261731.6611616097
142,2023-01-19 13:28:00,20885.33,0.051074,1290758.34554655,1255252.96024815
143,2023-01-19 13:29:00,20882.29,0.0287,1335989.1429488196,1256808.15612345
144,2023-01-19 13:30:00,20886.49,2.841659,1324578.4637766997,1268237.91801386
145,2023-01-19 13:31:00,20898.89,0.45814,1373330.98006495,1019003.7902171399
146,2023-01-19 13:32:00,20904.03,0.420254,1564808.10801469,1024770.0512781998
147,2023-01-19 13:33:00,20900.5,0.171,1522301.8291883,1031884.60500973
148,2023-01-19 13:34:00,20891.34,0.435619,1142928.00763826,1187767.0738507197
149,2023-01-19 13:35:00,20895.89,0.579117,1230554.2081825703,1272359.79141919
150,2023-01-19 13:36:00,20905.83,0.358834,1572096.37840511,1050761.23324323
151,2023-01-19 13:37:00,20913.49,0.389329,1368152.47141044,1034152.8900143099
152,2023-01-19 13:38:00,20923.84,1.896091,1762183.29450348,1014092.17043384
153,2023-01-19 13:39:00,20930.21,1.997871,1775826.84269043,1254878.4110914601
154,2023-01-19 13:40:00,20946.76,11.098152,1512620.09772674,1074697.3711501898
155,2023-01-19 13:41:00,20942.53,0.341048,1462961.4119299399,1128101.74865794
156,2023-01-19 13:42:00,20922.83,0.394771,1259964.62706771,1269079.8915487702
157,2023-01-19 13:43:00,20935.77,0.808062,1268292.6402909004,1139020.3082028201
158,2023-01-19 13:44:00,20941.4,0.270562,1435427.40834312,1013090.4618794399
159,2023-01-19 13:45:00,20947.21,1.03041,1602742.5063802002,1018461.0158717898
160,2023-01-19 13:46:00,20952.79,0.4455,1344312.74328242,1045939.6913097197
161,2023-01-19 13:47:00,20963.32,0.51931,1307417.48388966,995679.8108334899
162,2023-01-19 13:48:00,20989.18,1.179042,1539951.6874065401,1071623.9696714699
163,2023-01-19 13:49:00,20986.54,0.428083,1540076.80010863,1084716.0234217402
164,2023-01-19 13:50:00,20966.79,1.7086,1112519.25782308,1453254.5639646198
165,2023-01-19 13:51:00,20965.49,0.74922,1148037.0714455303,1424284.17126351
166,2023-01-19 13:52:00,20960.68,0.055827,1141729.93654824,1441706.7979779602
167,2023-01-19 13:53:00,20968.32,0.91815,1171081.55505014,1447543.67661908
168,2023-01-19 13:54:00,20968.12,0.025045,1150816.7458825302,1525615.1352206
169,2023-01-19 13:55:00,20960.25,0.512891,1156215.46441976,1411500.155783
170,2023-01-19 13:56:00,20967.76,0.278058,1160834.88367499,1474583.76352191
171,2023-01-19 13:57:00,20979.55,0.038542,1300584.34826614,1093543.6021160702
172,2023-01-19 13:58:00,20980.51,0.088047,1311022.98752283,1097997.35282981
173,2023-01-19 13:59:00,20975.51,0.397706,1296490.04584235,1401908.9912870603
174,2023-01-19 14:00:00,20978.49,0.9598,1315762.3181469499,1122498.4067065902
175,2023-01-19 14:01:00,20972.92,0.212722,1393357.7668384502,1352372.8973723499
176,2023-01-19 14:02:00,20961.39,0.64934,1164967.1261442602,1500052.8255033998
177,2023-01-19 14:03:00,20959.33,0.241054,1164446.6721665598,1493501.5787589897
178,2023-01-19 14:04:00,20968.85,0.282892,1162650.67048717,1551278.9594436898
179,2023-01-19 14:05:00,20953.53,0.658284,1159937.0986828702,1569930.1224837697
180,2023-01-19 14:06:00,20953.99,1.159075,1182482.99229516,1544113.2528712896
181,2023-01-19 14:07:00,20959.39,0.16301,1214297.04870737,1549444.6446260698
182,2023-01-19 14:08:00,20965.19,0.184666,1222153.4519425,1478820.0054215298
183,2023-01-19 14:09:00,20976.04,0.176054,1411185.1717953302,1328934.3104363997
184,2023-01-19 14:10:00,20977.8,0.066281,1460766.0429409205,1144295.3917622801
185,2023-01-19 14:11:00,20992.17,0.444389,1554249.77636778,1244261.3580641001
186,2023-01-19 14:12:00,21001.35,0.393121,1562679.4260683903,1197798.4161592203
187,2023-01-19 14:13:00,21005.97,0.280312,1643338.3772587401,1172436.5674705706
188,2023-01-19 14:14:00,21024.91,1.525372,1747444.6981107104,976120.18060471
189,2023-01-19 14:15:00,21032.17,1.502826,1563667.4401260798,1056697.3295575897
190,2023-01-19 14:16:00,21047.9,1.27179,1684042.0676317303,1025541.7521268799
191,2023-01-19 14:17:00,21008.53,1.00233,1174242.5969276899,1308095.6980245598
192,2023-01-19 14:18:00,21030.82,0.704584,1568403.44728832,1069261.9696584798
193,2023-01-19 14:19:00,21036.51,0.060068,1696720.81476761,1027905.0063888399
194,2023-01-19 14:20:00,21028.92,0.628376,1570118.32498276,1090243.9812409498
195,2023-01-19 14:21:00,21053.02,1.299935,1230596.2708576103,1250562.12537751
196,2023-01-19 14:22:00,21059.29,1.283013,1414562.7850369702,987316.5343374999
197,2023-01-19 14:23:00,21077.87,2.61284,1577090.59442324,1071460.9585273
198,2023-01-19 14:24:00,21091.32,0.252995,1753441.1215543,1155136.32025712
199,2023-01-19 14:25:00,21084.84,0.787083,1387018.4053177699,1091078.62157555
200,2023-01-19 14:26:00,21095.71,0.14086,1758915.45748565,1042031.3591470299
201,2023-01-19 14:27:00,21096.0,7.363194,1398230.5355132197,1259015.8949126198
202,2023-01-19 14:28:00,21096.51,0.284975,1343227.93617891,1295262.3723996899
203,2023-01-19 14:29:00,21079.36,0.42075,1215389.7707187699,1296396.38662057
204,2023-01-19 14:30:00,21088.27,0.87791,1512772.90631173,1399683.5131329997
205,2023-01-19 14:31:00,21085.78,0.246243,1368401.2934907,1339420.40758248
206,2023-01-19 14:32:00,21103.42,3.509581,1438240.2808363303,1066214.1383929697
207,2023-01-19 14:33:00,21098.99,0.022345,1320077.6943937398,1072994.5996957703
208,2023-01-19 14:34:00,21109.34,0.14601,1509766.54961406,1053456.3538801097
209,2023-01-19 14:35:00,21085.31,0.093628,1241949.4748385,1316178.0004085999
210,2023-01-19 14:36:00,21088.34,0.217374,1294219.3627950298,1350227.5859326601
211,2023-01-19 14:37:00,21085.9,0.176597,1269157.19917793,1393856.89376956
212,2023-01-19 14:38:00,21096.18,0.284468,1362382.3937204303,1279822.72246709
213,2023-01-19 14:39:00,21076.13,0.11517,1049342.0603658499,1441952.1427991097
214,2023-01-19 14:40:00,21066.63,2.538382,1130249.9600807398,1050204.40234831
215,2023-01-19 14:41:00,21064.48,0.636077,1210715.22256265,1075963.4551104098
216,2023-01-19 14:42:00,21069.92,0.854088,1436817.51559581,1031637.0509873002
217,2023-01-19 14:43:00,21080.6,0.1664,1415352.1758147604,979240.66966191
218,2023-01-19 14:44:00,21074.2,0.0013,1298506.75159305,999064.6616843801
219,2023-01-19 14:45:00,21100.0,0.183269,1616666.5022927201,1059248.2383646902
220,2023-01-19 14:46:00,21123.65,0.635769,1638051.92989901,1012238.18513464
221,2023-01-19 14:47:00,21117.51,0.639226,1583779.1567244697,1291524.1147704902
222,2023-01-19 14:48:00,21124.43,0.19975,1564475.90561837,1387925.3093573397
223,2023-01-19 14:49:00,21103.2,0.80568,1186903.7604161,1400537.3851998101
224,2023-01-19 14:50:00,21098.26,0.261538,1269272.7568330497,1322565.64975476
225,2023-01-19 14:51:00,21101.87,0.415998,1332042.0227761497,1291383.20972633
226,2023-01-19 14:52:00,21097.95,0.184803,1299530.57001211,1341602.38781164
227,2023-01-19 14:53:00,21106.89,0.506621,1327470.42182985,1271215.6868731806
228,2023-01-19 14:54:00,21093.8,0.519346,1195242.54604057,1301195.7936716704
229,2023-01-19 14:55:00,21096.95,1.050423,1311074.4468719,1141527.0185547303
230,2023-01-19 14:56:00,21108.72,1.200486,1348667.9838797096,1088219.5910813503
231,2023-01-19 14:57:00,21111.43,0.021108,1554466.9462325303,1107097.7833032103
232,2023-01-19 14:58:00,21106.9,1.515767,1195754.3407784302,1089425.81273964
233,2023-01-19 14:59:00,21098.41,1.435744,1174425.4762493798,1127282.8790053201
234,2023-01-19 15:00:00,21114.01,0.68315,1644956.6657710397,1085804.66572034
235,2023-01-19 15:01:00,21114.77,1.038113,1649390.3734887799,1098620.38128859
236,2023-01-19 15:02:00,21114.24,0.908102,1560619.0687659397,1098391.0920366102
237,2023-01-19 15:03:00,21133.66,0.20003,1507155.5045679698,1124907.74672412
238,2023-01-19 15:04:00,21150.77,1.234197,1865283.54553693,1057143.35237262
239,2023-01-19 15:05:00,21130.0,1.682865,1514491.5558140797,1309616.8062371
240,2023-01-19 15:06:00,21109.97,1.016662,1225598.1255327999,1302025.20973923
241,2023-01-19 15:07:00,21131.2,1.034957,1466282.77897509,1306168.1515644102
242,2023-01-19 15:08:00,21142.58,0.141026,1776788.4924536196,1033977.78559017
243,2023-01-19 15:09:00,21135.23,0.193508,1480085.44733462,1219175.3683901604
244,2023-01-19 15:10:00,21143.29,0.35641,1764589.4273495297,1097636.8506165997
245,2023-01-19 15:11:00,21132.03,0.02,1476203.86600029,1128057.2958044298
246,2023-01-19 15:12:00,21138.26,0.789589,1762858.7640913199,1202186.8641096796
247,2023-01-19 15:13:00,21139.99,0.061122,1725745.61416351,1113486.1634291098
248,2023-01-19 15:14:00,21140.09,0.081088,1711249.30293172,1137171.4944734199
249,2023-01-19 15:15:00,21148.05,0.914892,1765635.6915858,1109577.2372822198
250,2023-01-19 15:16:00,21148.57,0.258984,1759119.5322265795,1080586.70028458
251,2023-01-19 15:17:00,21143.48,0.77033,1725288.0280758599,1132268.2655640899
252,2023-01-19 15:18:00,21143.54,0.0998,1762646.8661161803,1141595.5162166003
253,2023-01-19 15:19:00,21150.46,0.430378,974489.7022224497,1048394.1706568402
254,2023-01-19 15:20:00,21165.59,0.162857,1201331.7099864697,1285271.52408286
255,2023-01-19 15:21:00,21139.27,0.346914,952443.0192644898,1415348.0159678697
256,2023-01-19 15:22:00,21147.3,0.111751,1108405.3152906697,1368983.8327330798
257,2023-01-19 15:23:00,21152.4,0.055644,1348156.9340311796,1344840.0504442602
258,2023-01-19 15:24:00,21159.36,0.112836,1361999.7353297393,1361963.45305743
259,2023-01-19 15:25:00,21147.9,0.001292,1086112.9112855599,1309959.1908614999
260,2023-01-19 15:26:00,21159.37,0.038614,1338970.1012966298,1328413.6212224902
261,2023-01-19 15:27:00,21165.13,0.956065,1161229.70244264,1324790.6049552602
262,2023-01-19 15:28:00,21167.47,0.14928,1145251.74222163,1344281.6035089
263,2023-01-19 15:29:00,21154.14,0.92309,1111613.5823835698,1360095.5982696002
264,2023-01-19 15:30:00,21142.08,0.235544,992107.8795826598,1318426.76349265
265,2023-01-19 15:31:00,21114.84,2.940422,1111637.42438525,1338492.90062564
266,2023-01-19 15:32:00,21109.39,0.011253,1028761.51374034,1328342.0647971102
267,2023-01-19 15:33:00,21094.85,1.245912,1027412.1805651898,1110557.9139929397
268,2023-01-19 15:34:00,21118.11,0.93952,1308374.5667040898,1068158.9747298397
269,2023-01-19 15:35:00,21119.68,0.179926,1318353.86518299,1052779.5221940097
270,2023-01-19 15:36:00,21118.91,0.266314,1331620.05428073,1055055.0715426197
271,2023-01-19 15:37:00,21097.74,0.041095,1054599.2559622298,1103830.68358983
272,2023-01-19 15:38:00,21105.36,0.110236,1040421.1230080898,1094654.1233992898
273,2023-01-19 15:39:00,21092.8,0.163375,1053485.97228742,1384952.00680372
274,2023-01-19 15:40:00,21101.57,0.25066,1026790.56343138,1185730.4198090301
275,2023-01-19 15:41:00,21095.41,0.522807,1039441.2376441899,1140756.95815683
276,2023-01-19 15:42:00,21095.16,0.230971,1030169.5561699098,1158635.9298908
277,2023-01-19 15:43:00,21042.47,4.404429,863541.67912796,1199855.9542914599
278,2023-01-19 15:44:00,21068.65,0.145,952730.51191345,1078061.18716795
279,2023-01-19 15:45:00,21089.08,0.185676,1431956.46285304,1033323.62516544
280,2023-01-19 15:46:00,21084.59,0.004345,1309530.9552157403,1262056.0838147297
281,2023-01-19 15:47:00,21078.51,0.0,1321490.0533005001,1262076.2806228702
282,2023-01-19 15:48:00,21098.07,0.001164,1443532.1913473704,1032072.4702953799
283,2023-01-19 15:49:00,21095.0,0.002294,1362843.1037195204,1034794.9392618499
284,2023-01-19 15:50:00,21095.23,0.215685,1397297.5934290902,1048150.04737194
285,2023-01-19 15:51:00,21087.04,0.002,1479941.5506255003,1270298.0839449097
286,2023-01-19 15:52:00,21098.07,0.02009,1394093.1421373303,1048399.7425117498
287,2023-01-19 15:53:00,21093.08,0.254858,1500039.6488229502,1054130.1762686
288,2023-01-19 15:54:00,21097.1,0.05991,1407553.8989289503,1075354.0730396104
289,2023-01-19 15:55:00,21097.04,0.261254,1373948.34292428,1059596.2081773803
290,2023-01-19 15:56:00,21100.06,0.82653,1435134.2638875903,1048498.4265893099
291,2023-01-19 15:57:00,21095.19,0.021153,1411059.25714333,1061538.1221638601
292,2023-01-19 15:58:00,21093.73,0.0,1384439.2048690603,1082908.5294761602
293,2023-01-19 15:59:00,21109.03,0.146292,1398491.1888077601,1071521.9612955002
294,2023-01-19 16:00:00,21104.07,1.077287,894063.1787684299,980456.0088199199
295,2023-01-19 16:01:00,21089.36,0.370332,914948.4679960797,1119428.0443981597
296,2023-01-19 16:02:00,21086.32,0.146931,1071255.57337973,1295554.5101719194
297,2023-01-19 16:03:00,21086.32,0.146931,1071255.57337973,1295554.5101719194
298,2023-01-19 16:04:00,21086.32,0.146931,1071255.57337973,1295554.5101719194
299,2023-01-19 16:05:00,21055.83,0.069548,1040001.8543807997,1428106.78263102
300,2023-01-19 16:06:00,21052.68,0.0,1035867.9698934199,1441713.35206577
301,2023-01-19 16:07:00,21059.16,0.288921,1056812.17420513,1454316.3813258603
302,2023-01-19 16:08:00,21059.16,0.288921,1056812.17420513,1454316.3813258603
303,2023-01-19 16:09:00,21059.16,0.288921,1056812.17420513,1454316.3813258603
304,2023-01-19 16:10:00,21059.16,0.288921,1056812.17420513,1454316.3813258603
305,2023-01-19 16:11:00,21059.16,0.288921,1056812.17420513,1454316.3813258603
306,2023-01-19 16:12:00,21059.16,0.288921,1056812.17420513,1454316.3813258603
307,2023-01-19 16:13:00,21028.85,0.0,1128565.86744892,1300270.22153179
308,2023-01-19 16:14:00,21023.23,0.02007,987764.9319889098,1287999.1319478902
309,2023-01-19 16:15:00,21032.87,0.052276,1363956.2437058997,1216866.7543709602
310,2023-01-19 16:16:00,21037.15,0.26007,1269182.02029476,1308411.3037777503
311,2023-01-19 16:18:00,21030.12,0.001296,1261852.0027453897,1321580.7820313904
312,2023-01-19 16:19:00,21030.12,0.0,1254861.77927346,1297606.40500635
313,2023-01-19 16:20:00,21027.91,0.270276,1273153.62601063,1248148.5228151903
314,2023-01-19 16:21:00,21026.9,0.0,1254127.68041772,1324459.4925443106
315,2023-01-19 16:22:00,21025.28,0.0,1235963.4440606697,1308793.84261007
316,2023-01-19 16:23:00,21044.61,0.0,1247810.48510332,1322569.9017072602
317,2023-01-19 16:24:00,21035.17,0.002714,1237515.78112589,1308532.95041832
318,2023-01-19 16:25:00,21043.75,0.134998,1238499.75213149,1332962.2388647203
319,2023-01-19 16:26:00,21054.34,0.010917,1294525.82085959,1109906.35756593
320,2023-01-19 16:27:00,21034.75,0.0,1225763.5343768802,1371691.0687648498
321,2023-01-19 16:28:00,21052.16,0.0,1332271.11286407,1084253.3686791202
322,2023-01-19 16:29:00,21047.93,0.0,1308330.58288611,1329447.4267083702
323,2023-01-19 16:30:00,21047.93,0.0,1295728.99963609,1350944.7119688
324,2023-01-19 16:31:00,21045.77,0.0,1259060.6499562599,1323344.7327501704
325,2023-01-19 16:32:00,21035.24,0.0,1242821.8829844303,1325500.98247581
326,2023-01-19 16:33:00,21035.24,0.0,1240435.5360153902,1333348.9497058203
327,2023-01-19 16:34:00,21037.53,0.0,1327090.57481456,1354651.3755598802
328,2023-01-19 16:35:00,21039.93,0.0,1264690.1277863502,1356729.89897582
329,2023-01-19 16:36:00,21041.51,0.043545,1261721.7546481101,1361292.14262538
330,2023-01-19 16:37:00,21043.19,0.0,1336907.2338251998,1327588.9434212402
331,2023-01-19 16:38:00,21035.52,0.16356,1342264.13056409,1355679.44539802
332,2023-01-19 16:39:00,21031.46,0.06024,1354155.2251842797,1364282.8115809902
333,2023-01-19 16:40:00,21022.49,0.012474,998827.4063615698,1442910.7692613502
334,2023-01-19 16:41:00,21013.08,0.0,990041.6064463898,1530799.1658131299
335,2023-01-19 16:42:00,21025.73,0.0,1280988.92506408,1358682.7775572706
336,2023-01-19 16:43:00,20991.98,0.223782,865116.3961741298,1144560.6243364003
337,2023-01-19 16:44:00,20989.2,0.199082,1182280.3843091002,1323785.6040201103
338,2023-01-19 16:45:00,20986.82,0.127835,1108913.5805803002,1242345.8366495804
339,2023-01-19 16:46:00,20986.0,0.125939,1074905.1099020601,1259215.6485759604
340,2023-01-19 16:47:00,20986.0,0.0,1196413.2257565602,1321064.1352291403
341,2023-01-19 16:48:00,20994.52,0.035713,1310307.38208949,1291157.2052560903
342,2023-01-19 16:49:00,20975.16,0.02437,977590.5305714802,1321354.5904099704
343,2023-01-19 16:50:00,20963.2,0.0,1070128.0327147297,1357435.1293807798
344,2023-01-19 16:51:00,20970.6,0.001165,1085806.20079505,1108911.33307023
345,2023-01-19 16:52:00,20965.23,0.348845,998774.3325416798,1089611.2438952
346,2023-01-19 16:53:00,20972.61,0.0,1062620.8136786402,1097494.6283729298
347,2023-01-19 16:54:00,20958.32,0.90469,1107786.9640112296,1340819.21993833
348,2023-01-19 16:55:00,20949.21,0.216445,1308603.2030632,1558758.55755506
349,2023-01-19 16:56:00,20943.2,0.133791,1067386.24854932,1491185.42213211
350,2023-01-19 16:57:00,20939.99,0.0,1113545.79810166,754673.6051049399
351,2023-01-19 16:58:00,20939.2,0.024982,1108487.70631158,1107869.66592939
352,2023-01-19 16:59:00,20951.15,0.0652,1315365.1538669602,1159283.3843508002
353,2023-01-19 17:00:00,20941.56,0.044626,1080935.7557245898,1096515.8483273499
354,2023-01-19 17:01:00,20939.3,0.002,1113770.03794099,1100639.3108388698
355,2023-01-19 17:02:00,20956.43,0.817385,1291156.7603008098,1150386.4889175599
356,2023-01-19 17:03:00,20973.02,0.0,1193910.4136212,1064508.9823789594
357,2023-01-19 17:04:00,20967.84,0.001736,1174844.1495859397,1111050.0720082799
358,2023-01-19 17:05:00,20969.96,0.337746,1187570.1032575297,1128689.10616773
359,2023-01-19 17:06:00,20980.31,0.0,1329070.0477125403,1086010.1083516702
360,2023-01-19 17:07:00,20979.71,0.0,1325249.1801309402,1108348.5865021504
361,2023-01-19 17:08:00,20995.61,0.0,1394408.8877008099,1358131.87907722
362,2023-01-19 17:09:00,20995.61,0.006514,1401251.0567641498,1376380.7179784502
363,2023-01-19 17:10:00,20995.21,0.0,1416510.00949132,1408096.0853143504
364,2023-01-19 17:11:00,20988.87,0.0,1386125.1202759598,1289629.89905723
365,2023-01-19 17:12:00,20986.58,0.159086,1344082.89532075,1314340.4759008102
366,2023-01-19 17:13:00,20994.68,0.0,1387628.77135329,1396898.2551315005
367,2023-01-19 17:14:00,20997.1,0.001733,1396182.41254619,1167210.8777521502
368,2023-01-19 17:15:00,21004.03,0.0,1338859.50164378,1113226.4575901697
369,2023-01-19 17:16:00,20982.87,0.0,1130183.1981552297,1358596.8098173905
370,2023-01-19 17:17:00,20989.7,0.0,1361453.5179726998,1367440.2236638002
371,2023-01-19 17:18:00,20998.72,0.0,1384114.60197576,1160290.53784393
372,2023-01-19 17:19:00,21004.76,0.0,1361914.1305378398,1135873.56726044
373,2023-01-19 17:20:00,21017.28,0.022793,1215289.3357480704,967214.6249078902
374,2023-01-19 17:21:00,21020.89,0.039776,1229152.3140066506,944884.71281584
375,2023-01-19 17:22:00,21003.38,0.047094,1296828.76939659,1087844.1760760103
376,2023-01-19 17:23:00,21004.35,0.00173,1321080.8490174501,997264.4132216303
377,2023-01-19 17:24:00,21002.87,0.0,1320264.0561871803,984159.6481468003
378,2023-01-19 17:25:00,20986.96,0.004763,1283832.5088345902,1391800.0384735004
379,2023-01-19 17:26:00,20985.56,0.002,1246315.81992581,1317402.83525137
380,2023-01-19 17:27:00,20982.16,0.0,1084040.8707416898,1312147.0381637802
381,2023-01-19 17:28:00,21002.29,0.878019,1285595.52387922,865446.2168943302
382,2023-01-19 17:29:00,20984.14,0.002791,1062373.46297929,1283014.4545574104
383,2023-01-19 17:30:00,20993.69,0.0,1284218.75860415,1353445.2328179905
384,2023-01-19 17:31:00,21003.83,0.002,1298535.01815595,967139.7463738102
385,2023-01-19 17:32:00,21008.86,0.0,1168995.0812920202,948584.4363337602
386,2023-01-19 17:33:00,21013.43,0.006608,1096209.38265033,1085293.3612791703
387,2023-01-19 17:34:00,21001.53,0.0,1023868.0770800197,1086590.0106018903
388,2023-01-19 17:35:00,21001.53,0.0,1025820.0098821297,1076015.7317367306
389,2023-01-19 17:36:00,21009.88,0.00173,1069518.32363831,1070556.7147737702
390,2023-01-19 17:37:00,21009.69,0.001096,1075392.99594118,938831.5922329501
391,2023-01-19 17:38:00,21009.53,0.0,963036.7801094499,916250.8700538
392,2023-01-19 17:39:00,21004.55,0.0,1045845.9964980697,1112022.8947850403
393,2023-01-19 17:40:00,21026.32,0.000973,1416561.2247150298,981759.4989961
394,2023-01-19 17:41:00,21033.79,0.15557,1071456.3118437598,928968.5747267301
395,2023-01-19 17:42:00,21053.5,0.030979,963442.0923322698,992882.4065551399
396,2023-01-19 17:43:00,21039.08,0.0,944259.2565428397,1249060.50012657
397,2023-01-19 17:44:00,21023.07,4.935071,932632.3839245299,1303196.5509948102
398,2023-01-19 17:45:00,21028.02,0.002845,930623.6288294599,1304592.2187964101
399,2023-01-19 17:46:00,21026.88,0.09327,927384.1082063398,1322192.0388485698
400,2023-01-19 17:47:00,21021.0,0.161181,915239.5244399598,1294266.62538187
401,2023-01-19 17:48:00,21017.88,0.0,973722.6362632099,1299800.65922042
402,2023-01-19 17:49:00,21035.0,0.683626,1171480.5082967998,1238191.57109312
403,2023-01-19 17:50:00,21027.44,0.0,984943.5162938397,1258778.2617057401
404,2023-01-19 17:51:00,21058.2,0.00248,1313460.03614999,1000619.6337853702
405,2023-01-19 17:52:00,21062.56,0.0,1299358.18022866,1004675.6775835999
406,2023-01-19 17:53:00,21059.12,0.002858,1252803.82921497,1037737.3049413
407,2023-01-19 17:54:00,21045.06,0.0,1233293.17246344,1183978.0860476203
408,2023-01-19 17:55:00,21038.33,0.0,1250621.89894101,1341958.11410242
409,2023-01-19 17:56:00,21032.81,0.002,1270048.1808318098,1249440.55229169
410,2023-01-19 17:57:00,21062.6,0.61,1295062.27737175,944809.38740719
411,2023-01-19 17:58:00,21077.04,0.0,1275291.9929212104,1050085.20045849
412,2023-01-19 17:59:00,21072.18,0.001012,1019595.41980309,1106399.78249412
413,2023-01-19 18:00:00,21072.8,0.537134,1004323.7383355201,1136048.0792898
414,2023-01-19 18:01:00,21081.09,0.002,1318055.4651774406,1121506.1390246
415,2023-01-19 18:02:00,21051.04,0.002,1062658.27906206,1125353.1054635404
416,2023-01-19 18:03:00,21082.94,0.171917,1315947.9227858905,1044358.50850911
417,2023-01-19 18:04:00,21067.15,0.234073,1029289.85912766,1128129.092975
418,2023-01-19 18:05:00,21054.2,0.001725,1103049.3406653998,1135019.1011196002
419,2023-01-19 18:06:00,21044.92,0.002,1054124.2381332496,1206380.0383630402
420,2023-01-19 18:07:00,21053.75,0.0,1091065.5984877197,1030904.10303466
421,2023-01-19 18:08:00,21049.08,0.001102,1057261.5535995897,1009037.885757
422,2023-01-19 18:09:00,21036.56,0.0,1031587.5615246798,1347056.9098839702
423,2023-01-19 18:10:00,21047.01,0.0,1060641.0097007898,1146054.7774695
424,2023-01-19 18:11:00,21043.01,0.081734,1034599.2344815597,1173119.2715712502
425,2023-01-19 18:12:00,21030.0,0.004242,1110437.3531119898,1333062.04872248
426,2023-01-19 18:13:00,21026.46,0.0,1057497.37529303,1311464.0475207
427,2023-01-19 18:14:00,21021.1,0.0,1018569.9779770597,1343850.3532043998
428,2023-01-19 18:15:00,21033.55,0.0,1288780.64063525,1160495.25571406
429,2023-01-19 18:16:00,21039.25,0.001034,1271866.8314657498,1311535.88803419
430,2023-01-19 18:17:00,21039.25,0.0,1281207.1518942197,1225176.88150745
431,2023-01-19 18:18:00,21030.58,0.0,1084181.4824254096,1262145.13931825
432,2023-01-19 18:19:00,21023.24,0.030228,936407.8619459796,1313770.4191646602
433,2023-01-19 18:20:00,21033.99,0.001002,1386620.9452894798,1331029.14117498
434,2023-01-19 18:21:00,21018.54,0.002,1063568.1767229598,1347958.19211698
435,2023-01-19 18:22:00,21033.95,0.0,1339724.03423268,1186373.13192921
436,2023-01-19 18:23:00,21033.95,0.0,1343067.5760240897,1387917.37306345
437,2023-01-19 18:24:00,21041.95,0.621909,1343975.6501277997,1217093.45282195
438,2023-01-19 18:25:00,21046.59,0.0,1332795.89608845,1237475.77675908
439,2023-01-19 18:26:00,21048.24,0.0,1414097.45059867,1241345.8857605
440,2023-01-19 18:27:00,21047.01,0.09208,1370258.1987559597,1193102.0682096398
441,2023-01-19 18:28:00,21048.6,0.0,1394506.3425921297,1135768.9372458397
442,2023-01-19 18:29:00,21060.0,0.9202,1458303.8456625398,995979.6991116998
443,2023-01-19 18:30:00,21059.11,0.02,1219907.3781898199,1065319.7169771201
444,2023-01-19 18:31:00,21065.5,0.002,1420387.58890529,1055622.44720594
445,2023-01-19 18:32:00,21059.27,0.0,1289405.46142283,1096804.30333707
446,2023-01-19 18:33:00,21069.44,0.0,1336700.9351537398,1122677.9587843397
447,2023-01-19 18:34:00,21091.32,0.000954,1431739.7729582705,1073181.06781235
448,2023-01-19 18:35:00,21085.22,0.02,1416077.7452154504,1141461.6277232203
449,2023-01-19 18:36:00,21081.38,0.174931,1353927.0879943904,1067649.2018800299
450,2023-01-19 18:37:00,21077.89,0.153105,1372334.2606035005,1261215.9223346298
451,2023-01-19 18:38:00,21075.64,0.000937,1376073.50965234,1330793.2684668899
452,2023-01-19 18:39:00,21065.29,0.0,1014435.55767779,1343488.5024336297
453,2023-01-19 18:40:00,21061.91,0.0,1102053.8497205598,1365839.96978381
454,2023-01-19 18:41:00,21053.11,0.002,1063766.5871417797,1363067.5223317097
455,2023-01-19 18:42:00,21064.2,0.0,1081396.6364581098,1311581.1903136196
456,2023-01-19 18:43:00,21048.86,0.0,1104966.5025671097,1380962.6031469398
457,2023-01-19 18:44:00,21058.39,0.0,1198063.6627957998,1351845.8439980797
458,2023-01-19 18:45:00,21066.67,0.0,1126122.6208448198,1259079.7591548297
459,2023-01-19 18:46:00,21075.34,0.002,1251432.30850281,1348116.4835240394
460,2023-01-19 18:47:00,21075.34,0.0,1289899.49857222,1319221.8295137396
461,2023-01-19 18:48:00,21071.0,0.0,996974.3322324101,1338105.0502125295
462,2023-01-19 18:49:00,21065.42,0.0,1091226.6844091597,1328032.1790861995
463,2023-01-19 18:50:00,21065.42,0.0,1036670.9743264199,1324623.9097812495
464,2023-01-19 18:51:00,21062.57,0.002,1013040.31610134,1347224.4355569396
465,2023-01-19 18:52:00,21084.88,0.13287,1377316.5033161505,1043745.5810270798
466,2023-01-19 18:53:00,21091.85,0.0,1413110.3142859405,1075385.92832831
467,2023-01-19 18:54:00,21084.21,0.0,1407320.4302668707,1118384.2605076602
468,2023-01-19 18:55:00,21092.55,0.004347,1399164.0160109503,1181125.19329596
469,2023-01-19 18:56:00,21109.32,0.793471,1310150.8198150403,1001911.2191294503
470,2023-01-19 18:57:00,21093.46,1.028569,1148412.5960827204,1408889.0929909004
471,2023-01-19 18:58:00,21095.24,0.0,987766.0145127301,1214908.6770994503
472,2023-01-19 18:59:00,21088.67,0.001721,971807.5201196099,1186370.8144109102
473,2023-01-19 19:00:00,21080.05,0.001186,1073015.2967597202,1088746.22076425
474,2023-01-19 19:01:00,21067.81,0.198381,1079843.22008109,1312450.8964542397
475,2023-01-19 19:02:00,21056.55,0.0,1001190.05083785,1480064.4528433501
476,2023-01-19 19:03:00,21079.96,0.02019,1365937.4147619102,1126046.67607904
477,2023-01-19 19:04:00,21081.35,0.059909,1432702.0221086403,1151446.3719081897
478,2023-01-19 19:05:00,21087.57,0.489679,1387647.4442248403,1160121.01133931
479,2023-01-19 19:06:00,21093.46,0.183655,1604844.0896162405,1150613.68559567
480,2023-01-19 19:07:00,21095.74,0.004295,1599095.4879008706,1134524.70019309
481,2023-01-19 19:08:00,21080.38,0.046567,1375375.20833123,1284770.4313916895
482,2023-01-19 19:09:00,21075.51,0.053269,1352864.77339812,1379615.6914251898
483,2023-01-19 19:10:00,21059.16,0.216799,1110202.2561943096,1570633.05402616
484,2023-01-19 19:11:00,21069.19,0.196773,1166348.6092841402,1448081.3928982099
485,2023-01-19 19:12:00,21066.78,0.335442,1191575.27624544,1382809.1449870998
486,2023-01-19 19:13:00,21063.09,0.050552,958106.0658592099,1429968.2647862597
487,2023-01-19 19:14:00,21063.45,0.0,1044308.3769711199,1396458.56650824
488,2023-01-19 19:15:00,21064.03,0.006472,1175420.38170167,1442899.0054596597
489,2023-01-19 19:16:00,21042.25,0.926323,1165032.29206005,1668123.9015432901
490,2023-01-19 19:17:00,21043.0,0.100164,1390351.00995005,1224740.9933641304
491,2023-01-19 19:18:00,21041.67,0.0,1365125.1253095097,1248836.1412415006
492,2023-01-19 19:19:00,21039.32,0.01987,1399438.42773799,1182137.9152136003
493,2023-01-19 19:20:00,21059.39,0.297579,1409227.8174144998,1089200.6408099702
494,2023-01-19 19:21:00,21049.17,0.000925,1357758.02822237,1111310.4317044602
495,2023-01-19 19:22:00,21042.45,0.188752,1367741.75053325,1300722.7529733505
496,2023-01-19 19:23:00,21060.86,0.145,1370546.12039767,1057420.94261181
497,2023-01-19 19:24:00,21061.9,0.0,1273176.4050137599,1144002.2808950301
498,2023-01-19 19:25:00,21061.23,0.0,1306105.7718093402,1088067.5371761
499,2023-01-19 19:26:00,21092.73,0.188064,1441827.5905720806,1041674.1396723997
500,2023-01-19 19:27:00,21095.78,0.058502,1510823.2954496706,1062152.25165832
501,2023-01-19 19:28:00,21092.47,0.145,1437263.8967280204,1087988.05922961
502,2023-01-19 19:29:00,21092.2,0.0,1369021.9389325904,1079311.84316584
503,2023-01-19 19:30:00,21106.8,0.159261,1612172.811155781,1035887.41978443
504,2023-01-19 19:31:00,21103.31,0.0,1405200.4517999506,1322370.3996253302
505,2023-01-19 19:32:00,21091.04,0.311492,1201051.2093814004,1316474.7057763597
506,2023-01-19 19:33:00,21081.92,0.145,1184279.3101286802,1431577.4703065096
507,2023-01-19 19:34:00,21077.68,0.391044,1411879.50159342,1339662.0163107999
508,2023-01-19 19:35:00,21062.23,0.009493,1077275.5213999702,1362448.5752762
509,2023-01-19 19:36:00,21082.83,0.374692,1466572.2673849806,1178283.4794715298
510,2023-01-19 19:37:00,21079.09,0.284596,1450109.2045578803,1065547.12462756
511,2023-01-19 19:38:00,21076.0,0.416849,1473766.6165139803,1418301.5337104697
512,2023-01-19 19:39:00,21081.38,0.0,1442917.6301780303,1215024.21485979
513,2023-01-19 19:40:00,21073.12,0.0,1248226.3992484,1388584.10062707
514,2023-01-19 19:41:00,21071.42,0.026073,1185529.37413123,1343158.34804688
515,2023-01-19 19:42:00,21076.67,0.000943,1462273.09190727,1165015.76741104
516,2023-01-19 19:43:00,21052.87,0.0,1147994.08674698,1515216.3494579599
517,2023-01-19 19:44:00,21050.44,0.0,1116754.9660175098,1541787.3948961599
518,2023-01-19 19:45:00,21063.84,0.186831,1134364.41574266,1292402.0713089597
519,2023-01-19 19:46:00,21064.48,0.227614,1090541.7084073701,1376759.11288229
520,2023-01-19 19:47:00,21039.99,0.371288,1250407.5861725498,1593062.35678336
521,2023-01-19 19:48:00,21047.58,0.380582,1285409.81847259,1265040.93983532
522,2023-01-19 19:49:00,21043.58,0.0,1273861.61894334,1279116.9194849697
523,2023-01-19 19:50:00,21038.8,0.0,1300589.8255292997,1237632.1965905402
524,2023-01-19 19:51:00,21039.91,0.002958,1328155.5189977195,1276866.1582204
525,2023-01-19 19:52:00,21035.1,0.0,1074227.8022786798,1466541.80554548
526,2023-01-19 19:53:00,21038.41,0.163084,1310254.0474703098,1211652.8358771703
527,2023-01-19 19:54:00,21035.77,0.263328,1095507.4943350996,1485083.41827299
528,2023-01-19 19:55:00,21039.31,0.008406,1318510.1557996997,1269464.6496456
529,2023-01-19 19:56:00,21051.2,0.000526,1366113.7251553796,1171773.8050239598
530,2023-01-19 19:57:00,21070.0,0.653702,1520230.7459809904,1216076.2254805495
531,2023-01-19 19:58:00,21059.92,0.199137,1309390.5727755101,1210576.29199054
532,2023-01-19 19:59:00,21058.27,0.001025,1373546.6532705203,1171338.3925413103
533,2023-01-19 20:00:00,21056.97,0.18673,1372412.1103057102,1122081.97628329
534,2023-01-19 20:01:00,21047.8,0.180163,1310628.1004829402,1211919.35879627
535,2023-01-19 20:02:00,21042.25,0.210603,1362122.48576914,1183353.3725385303
536,2023-01-19 20:03:00,21047.47,0.001032,1379704.19444227,1191103.33149633
537,2023-01-19 20:04:00,21031.95,0.04,1122642.15211522,1465903.98508238
538,2023-01-19 20:05:00,21021.98,0.178887,1096973.90363856,1370048.11903442
539,2023-01-19 20:06:00,21015.33,0.145,1097549.21757152,1340518.0642309801
540,2023-01-19 20:07:00,21024.91,0.577157,1188665.8012623002,1350256.28840899
541,2023-01-19 20:08:00,21028.14,0.0,1109027.4324531201,1321671.10374768
542,2023-01-19 20:09:00,21025.13,0.0,1107338.5778946702,1250906.386913
543,2023-01-19 20:10:00,21034.35,0.0,1189420.7154143201,1271139.54805237
544,2023-01-19 20:11:00,21039.21,0.13357,1407805.0255454201,1044779.15865166
545,2023-01-19 20:12:00,21053.52,1.386607,1454715.56678208,1010963.4155661003
546,2023-01-19 20:13:00,21050.99,0.102689,1573771.04320209,1123393.4573254501
547,2023-01-19 20:14:00,21052.97,0.575044,1575582.8905617602,1103997.8104867502
548,2023-01-19 20:15:00,21063.78,0.022777,725259.0825822102,423419.69225077983
549,2023-01-19 20:16:00,21064.83,0.005942,665689.94015723,352486.3780279999
550,2023-01-19 20:17:00,21060.79,0.0,562757.7630747501,433290.5607449499
551,2023-01-19 20:18:00,21055.81,0.146992,1198066.28134578,1332586.3291004396
552,2023-01-19 20:19:00,21056.15,0.00105,1423010.1702882,1230791.84320077
553,2023-01-19 20:20:00,21062.92,0.036967,1561921.78661239,1280100.90696483
554,2023-01-19 20:21:00,21070.0,0.642428,1546834.1774213803,976863.20578151
555,2023-01-19 20:22:00,21077.25,0.396769,1507052.1644791104,1028592.1096579601
556,2023-01-19 20:23:00,21080.15,0.213267,1491026.1149155605,1076295.1971488995
557,2023-01-19 20:24:00,21095.0,0.074884,1680291.7502741506,1035112.0165226898
558,2023-01-19 20:25:00,21091.19,0.0,1705886.5438224406,1062317.23954913
559,2023-01-19 20:26:00,21093.6,0.178793,1650079.9347277705,1018423.22504857
560,2023-01-19 20:27:00,21103.13,0.042695,1629592.3815616507,1268341.45736631
561,2023-01-19 20:28:00,21136.53,0.100971,1028950.7760509198,1037714.9313596899
562,2023-01-19 20:29:00,21121.06,0.207365,1016898.6388863999,1186337.4265617998
563,2023-01-19 20:30:00,21128.4,0.594129,1173654.1424727896,1113436.2683350295
564,2023-01-19 20:31:00,21119.36,0.184163,1050729.5474425906,1232574.15669512
565,2023-01-19 20:32:00,21113.99,0.178573,1031625.8998547599,1257358.8322393496
566,2023-01-19 20:33:00,21113.99,0.0,963810.6553435698,1253647.6487057998
567,2023-01-19 20:34:00,21101.36,0.466516,1261691.3905204404,1408391.50735145
568,2023-01-19 20:35:00,21091.75,1.202007,1054450.0836593402,1371128.7376951603
569,2023-01-19 20:36:00,21104.97,0.000861,1402105.1380655302,1315086.67314829
570,2023-01-19 20:37:00,21092.64,0.080969,1023321.2403227601,1229860.1133733902
571,2023-01-19 20:38:00,21104.39,0.067556,1370551.1504396403,1363867.7899269701
572,2023-01-19 20:39:00,21101.85,0.0,1243737.47823859,1335689.0470885402
573,2023-01-19 20:40:00,21099.92,0.012851,1294098.9794916902,1301682.1064700503
574,2023-01-19 20:41:00,21096.9,0.0,1172847.9389388403,1275007.0452072602
575,2023-01-19 20:42:00,21109.19,0.000865,1305765.2201322403,1120766.9790673298
576,2023-01-19 20:43:00,21094.09,0.0,1126637.5769755903,1394295.2146986506
577,2023-01-19 20:44:00,21100.04,0.0,1284633.2106483302,1406122.5182830002
578,2023-01-19 20:45:00,21096.25,0.0,1149094.5588992203,1297962.3484841203
579,2023-01-19 20:46:00,21101.02,0.002,1359788.9809391503,1337687.22769558
580,2023-01-19 20:47:00,21098.99,0.0,1344870.4654285503,1410928.24246214
581,2023-01-19 20:48:00,21104.09,0.0,1369942.81072324,1399765.1399685303
582,2023-01-19 20:49:00,21111.0,0.941329,1274101.4785045404,1058760.94370061
583,2023-01-19 20:50:00,21107.49,0.0,1177384.7296813,1172002.99994918
584,2023-01-19 20:51:00,21097.67,0.002,1068384.9829242104,1427046.5114780904
585,2023-01-19 20:52:00,21113.47,0.0,1266505.5849450203,1092798.45002957
586,2023-01-19 20:53:00,21113.59,0.001023,1267074.1791078504,1104899.1953376997
587,2023-01-19 20:54:00,21109.75,0.137321,1252814.65526417,1195057.34617483
588,2023-01-19 20:55:00,21119.47,0.021506,1277591.3570728702,1158357.4149305497
589,2023-01-19 20:56:00,21127.37,0.099595,1416579.2528279503,1039874.7713251297
590,2023-01-19 20:57:00,21126.78,0.001013,1392895.41710538,1067217.5964075697
591,2023-01-19 20:58:00,21127.68,0.195214,1353750.74167544,1140994.3911437397
592,2023-01-19 20:59:00,21121.75,0.0,1334546.71350409,1249787.5398901696
593,2023-01-19 21:00:00,21117.43,0.028792,1208344.95633294,1248221.0078600799
594,2023-01-19 21:01:00,21127.76,0.147,1445493.1182633503,1023772.1783392498
595,2023-01-19 21:02:00,21137.0,0.187544,1463831.4345108203,1100253.49403047
596,2023-01-19 21:03:00,21140.41,0.0,1476047.2057989603,1322510.3708201498
597,2023-01-19 21:04:00,21139.76,0.505383,1451101.2497212903,1215897.6717859
598,2023-01-19 21:05:00,21120.37,0.180506,1080326.4419958298,1416127.36163896
599,2023-01-19 21:06:00,21118.68,0.024073,1048810.50700665,1404604.88340355
600,2023-01-19 21:07:00,21122.56,0.0,1085316.8079816198,1368795.7284445697
601,2023-01-19 21:08:00,21116.93,0.0,1057748.2445149003,1365093.2479371396
